title,date,upvotes,url,text
3 Weeks of ‚ÄúIntermittent‚Äù Connection,2025-11-09 02:44:10,1,https://www.reddit.com/r/tmobile/comments/1os7z1p/3_weeks_of_intermittent_connection/,"A few weeks ago, we started experiencing what tech support representatives referred to as ‚Äúintermittent‚Äù network disruptions in our area. Home internet and cell phone service both included. Customer service has not been able to give me any clear answers on when it will be resolved. After over a dozen phone calls over the last few weeks, I was finally told that the tower in our area is not able to be updated due to the owner of the land that the tower is on not allowing the technicians on to the property to complete the updates needed. We‚Äôve been with T-Mobile for over 3 years now and have loved it and never had an overnight change like this. Now I feel like I‚Äôm getting the run around on whether or not they can even resolve the issue at any point in time. I work from home and I‚Äôm losing income because I cannot stay connected. I cannot maintain a phone call, load a video on social media, stream Netflix, or run or update applications or games on my smart TV‚Äôs or video game console. I have"
BOGO Free Line Promo Question,2025-11-09 01:22:32,0,https://i.redd.it/skdufgwfv40g1.png,"Has anyone seen and/or taken advantage of this offer? It says the discount is applied after checkout out, which makes me a bit nervous it'll get messed up.  Any quirks / catches I should be aware of? I am on Go5G Plus with 2 paid lines, 1 free phone line (from earlier this year), 1 free tablet line (from years ago), and a watch line. "
Swapping out phone #s on some of my lines,2025-11-09 00:33:33,0,https://www.reddit.com/r/tmobile/comments/1os5977/swapping_out_phone_s_on_some_of_my_lines/,"Hi. I have some discounted lines on my plan. Can I swap in a phone # that I have on another cell phone with another company? How do I go about doing that? I assume if I drop lines and add lines, I will lose the discount."
Commission on new T-Mobile credit card?,2025-11-08 23:29:57,0,https://www.reddit.com/r/tmobile/comments/1os3v3x/commission_on_new_tmobile_credit_card/,"Former employee here...are they having y'all [current employees] pressure people into signing up for the new credit card in store?  If so, is there any type of spiff or compensation for doing so?  Curious, because it seems like this company has been going to shit for a long while now but the shitification has significantly ramped up in the past 1-2 years.  Have they made credit card applications a metric yet?"
iPhone upgrade at Apple,2025-11-08 22:05:53,2,https://www.reddit.com/r/tmobile/comments/1os1xi4/iphone_upgrade_at_apple/,"Can I upgrade my iPhone at Apple when I still have a $500 balance owed on the go5gplus plan 12 out of 24 credits applied.  Tmobiles page shows I still owe the $500 but Apple doesn‚Äôt.  

What‚Äôs the deal? Can I upgrade at Apple without having to pay off the $500 balance?  The Apple website only asks for tax but doesn‚Äôt ask for the remaining balance.  
Thanks! "
Old Simple Choice Free Tablet Line - How much data should I be getting?,2025-11-08 21:24:31,1,https://www.reddit.com/r/tmobile/comments/1os0yog/old_simple_choice_free_tablet_line_how_much_data/,"I have an old ""Free On Us"" tablet line from years ago. It's been dormant in a old Netgear LTE modem for a long time racking up $1.40 fees every month.

I picked up a 5G Inseego modem for cheap to see if it'd work - and it does! I'm getting 20-100 mBit throughput in my testing. 

Curiously, I've pulled in over 20 GB of data at those speeds according to my monitor app. The line is ""Simple Choice North America 6GB MI"". Did that get un-capped when the Simple-Choice uncapping happened a few years ago? Any Caveats?"
iPhone 17 Promotions (Current TMobile Customer),2025-11-08 21:15:12,5,https://www.reddit.com/r/tmobile/comments/1os0qsr/iphone_17_promotions_current_tmobile_customer/,"Hi,

What's the best promotion out there to get a new iPhone for a current T-mobile customer? Any information would be greatly appreciated.

Are there typically deals during black Friday? I can hold out a few weeks if I can get a better deal.

Thanks!"
Any early insight into Black Friday deals?,2025-11-08 21:09:11,0,https://www.reddit.com/r/tmobile/comments/1os0lmh/any_early_insight_into_black_friday_deals/,"I have Go5G+ and am holding off to see if they bump the trade in from $830 to $1000. If not, I would rather order my phone sooner than later."
T-Mobile eSim bites,2025-11-08 20:37:36,1,https://www.reddit.com/r/tmobile/comments/1orzud7/tmobile_esim_bites/,"I got a Pixel 10 on one line, which forced me to get an eSim on that line. I was assured that eSim swapping is trivial. It was trivial to deactivate the physical sim and put it on this line.

However, today, I tried to move that eSim to a Samsung Fold 3 phone. When I try I get a message that I have to call T-Mobile and give them Support Code 511 (which is basically, problem with eSim movement). eSim is not locked. (Triple checked).

The Pixel 10 is T-Mobile locked. The Fold 3 is unlocked (and I've used it many times on T-Mobile with physical sim).   
  
I call T-Mobile and get a message--after waiting 10 minutes, that there's a ""25 minute wait"" ahead.

Screw that, I have stuff to do.

WTF. So eSim is basically a dumpster file, just as I worried when I switched?"
Go5G+ user who signed up for Hulu ON US almost a year ago: Am I going to still get Hulu for free after 12 months is up? Or will they start charging me automatically?,2025-11-08 20:19:55,0,https://www.reddit.com/r/tmobile/comments/1orzfij/go5g_user_who_signed_up_for_hulu_on_us_almost_a/,"[This is what my \\""Manage add-ons\\"" page shows.](https://preview.redd.it/hzbsbfpkc30g1.png?width=570&format=png&auto=webp&s=7653c992fa69bfc0649f444cec5df419454f1f0d)

My understanding is, normally you need the Go5G Next plan to get Hulu for free, but T-Mobile gave it to people on Go5G Plus who already ""Netflix On Us"" enabled as of 1/5/2024. Not sure if they just gave it to us for free for 12 months, or if I'll continue to get it for free even with Go5G+ plan."
Google fi to tmobile on 4/100 promo,2025-11-08 20:08:57,1,https://www.reddit.com/r/tmobile/comments/1orz5y3/google_fi_to_tmobile_on_4100_promo/,My question is that online it lets me complete the purchase even though its from google fi but when i went to sams to avoid the fees guy said google fi doesn't work for this deal which makes sense. If i complete the purchase online will they catch it later that its from google fi and jack the price up on me or take away the free phones?
Getting ripped off by Tmobile,2025-11-08 19:52:39,0,https://www.reddit.com/r/tmobile/comments/1oryron/getting_ripped_off_by_tmobile/,"I switched to Metro By Tmobile on October 14th at a store location. I was told I‚Äôd have a hotspot on unlimited $30 plan and it was a lie. So today November 8th I have finally gotten the extra cash to go back to Tmobile and get my old hotspot plan back.

I was told by the Tmobile store I went to today that if I called customer service they would reimburse me for cost of activation fee and SIM card by putting credits on my account for my next months phone bill.

I had to pay $10 activation fee and $10 for a new SIM card. I was told my old Tmobile sim which I brought was invalid.

So I call the customer service and the lady tells me they can‚Äôt do this. I asked to speak with a manager and she tells me manager is busy and would call me back.

I‚Äôm still waiting.

What can I do? I‚Äôve been with Tmobile since 2013 and only left because they wouldn‚Äôt give me a cheaper phone plan and the Metro store said their $30 unlimited plan was exactly the same as Tmobile $50 prepaid.

I‚Äôm so angry right now"
Will T-Mobile ever offer a free Iphone upgrade to Advantage Unlimited users?,2025-11-08 19:23:14,0,https://www.reddit.com/r/tmobile/comments/1ory20j/will_tmobile_ever_offer_a_free_iphone_upgrade_to/,"I was moved from Sprint SERO to the now, 'legacy' T-Mobile ""Advantage Unlimited"" plan a few years ago and want to stay on this plan.   
  
With the switch I got a ""free"" Iphone 13+ by way of a 2-year monthly credit that I paid off.   Now I want to upgrade to a newer phone.    
  
Will T-mo ever offer another ' free phone/upgrade offer like I received to Advantage Unlimited customers?  I.e., will they always require changing my plan or is there any chance I could get a $0, newer Iphone with a 2-year commitment, without having to drop Advantage Unlimited?    -

"
T-Mobile data not working on roaming abroad while full 5G or LTE - Mexico or Madagaskar,2025-11-08 18:11:58,1,https://www.reddit.com/r/tmobile/comments/1orw9ig/tmobile_data_not_working_on_roaming_abroad_while/,"Hey I have Go5G Next Data plan and I have problems with T-Mobile when I travel abroad. First time it was in Madagaskar 3 months ago. There was many times when I had full bars LTE service and it was not working. It only happened to work on 3G data. 
Now I am in Mexico, I have full bars 5G at the airport and I can‚Äôt connect to any website. I‚Äôm connected to Telcel.
During my travel in Mexico, the internet was on and off on my device with T- Mobile. It‚Äôs very frustrating for the amount I pay monthly and it doesn‚Äôt work as it should‚Ä¶
Anyone experienced these problems? Any fix for that? I also have iPhone 15 if that matters. "
Lost Free Line,2025-11-08 18:03:59,0,https://www.reddit.com/r/tmobile/comments/1orw24k/lost_free_line/,"So earlier this year, I got picked to receive a free line. I took advantage of it via Facebook and they mailed me a SIM card. I put it in my desk drawer until I needed it.  

Fast forward to a week ago when I wanted to buy a phone to actually use the line. I noticed that it wasn't showing under my account. I reached out to Tforce, and apparently there was an activation error on their end, which no one made me aware of, so now I have no free line. 

Since the promotion is gone, they said there's no way for them to fix it, so they offered me six months of free service if I add a line. I asked to speak to a supervisor, but was told that they were aware of their mistake, and that was the best they could do. 

I ended up complaining on the survey they sent me, so I got an email from someone. While deciding what to do, they called me and offered me an additional year of free service for the line, bringing it to 18 months. I appreciate it, but that doesn't come close to the savings of a free "
T-Mobile vs Costco T-Mobile Financing ELI5,2025-11-08 17:20:59,0,https://www.reddit.com/r/tmobile/comments/1oruzn7/tmobile_vs_costco_tmobile_financing_eli5/,"So I have currently have 3 phone lines and 4 watch lines with Verizon and have been looking to switch to T-Mobile.  One of the watches will become a phone line so porting in 4 phone numbers & 3 watches.

When I first checked with a T-mobile store and was given a promo for $1000 off each phone without trade-in and some deals on watches too. (Can‚Äôt remember but I think it was BoG $300off 2nd watch).  There was no mention about a down payment or anything limiting the financing.

I heard about the cash & Visa cards at Costco so I went there to check.  Just about the first thing I heard was that there‚Äôs a $3600 limit for financing so I would have to make a down payment.(?)  However I assured I would still get the full thousand dollar credit for each of the phone lines.  

This is where I am confused.  If I can only finance $3600 and credits stop once things are paid off, how do I get the full $4000?

Also, is there a difference between Costco‚Äôs T-Mobile finance limit vs a T-Mobile store‚Äôs l"
Now Anyone Can Text 911 Via T-Mobile's Satellites,2025-11-08 16:05:19,47,https://www.droid-life.com/2025/11/05/t-mobile-lights-up-text-to-911-for-all-satellite-users-including-non-customers/,
WTh is this ???,2025-11-08 14:06:05,0,https://i.redd.it/seivh1ari10g1.png,"I just went to my Google wallet and I see this being added... What is this for? It doesn't really feel like is a special treatment it just looks like one one those thing that says HELLO MY NAME IS.... 


can't wait to leave TMobile in 2 months "
Using the Tmo credit card in 2 accounts,2025-11-08 13:40:38,6,https://www.reddit.com/r/tmobile/comments/1orpolm/using_the_tmo_credit_card_in_2_accounts/,Can I use my T-mobile credit card in two different accounts and still get the 2% back? I am Primary of one account and authorized in another. And i pay the bill for both. Perks of having a big family!
Is it possible to add the Yearly Upgrade benefit?,2025-11-08 06:48:18,0,https://www.reddit.com/r/tmobile/comments/1orim7g/is_it_possible_to_add_the_yearly_upgrade_benefit/,"I have one line on my plan (Go5G Plus) that is enrolled in Yearly Upgrade (former iPhone Forever Upgrade).  Is it possible to add it to one or more of the other lines on my account? 

I am asking because there was a recent post about someone successfully adding One Plus Promo to the other lines on their account, so sounds like it's still possible to add grandfathered SOCs to other lines if you already have it on your account. 

Thanks"
New account via Costco,2025-11-08 06:39:46,4,https://www.reddit.com/r/tmobile/comments/1orih1l/new_account_via_costco/,"Hi all, just signed up for T-Mobile via Costco yesterday. I got the Experience Beyond plan for 3 lines: 2 paid, 1 free and 3 iPhone 17 Pro‚Äôs with $1,000 credit (no trade-in required).

The Costco rep told me the max credit approval was always limited to $3600 for new accounts so I could only get 3 lines with the new phones. The only alternative was to open a business account which I did not do.

My questions are:

1. I want to bring over 2 additional lines from AT&T, how do I do this with the $3600 equipment credit cap?
2. Since my account is new and I get one free line, can I not take advantage of another BOGO right now?
3. If I can use another BOGO, what code do I need to give the reps?
4. I got 20% off added, will doing a BOGO mess that up?"
"I have the T-Mobile unlimited Kickstarter plan, is there anything else better?",2025-11-08 06:23:57,0,https://www.reddit.com/r/tmobile/comments/1ori7fj/i_have_the_tmobile_unlimited_kickstarter_plan_is/,"I haven't looked at plans for so long
... Is there anything even close to the unlimited Kickstarter for $45 that I currently have??"
Account Cancelled?,2025-11-08 06:13:17,0,https://www.reddit.com/r/tmobile/comments/1ori0oc/account_cancelled/,My T-mobile account was cancelled. Long story short my hours at my job were cut in half and just my luck I was dealing with some health issues so all the money I had was going to my medical bills (which i‚Äôm still trying to pay) i fell about 2-3 months behind my bill and now my account is cancelled. I made a $345 payment yesterday morning. I‚Äôm not sure what I can do? Can anyone help! 
T-Fiber commission,2025-11-08 05:04:31,0,https://www.reddit.com/r/tmobile/comments/1orgslf/tfiber_commission/,"When do our T-Fiber activations show up on our ULB ranker and our ECS? I did a few last month, and they never showed up. I made sure to call my customers to make sure they got their fiber set up, and i‚Äôve done a few this month. Still nothing. Does anyone know when this will reflect?"
Can I trade in a phone still on EIP,2025-11-08 04:29:56,1,https://www.reddit.com/r/tmobile/comments/1org55w/can_i_trade_in_a_phone_still_on_eip/,"...to

1. Costco/T mobile?

2. Apple w/ TMO financing?

3. Samsung w/ TMO financing?

I have regular vanilla Go5G Plus.

Secondly, razr+ 2024 is showing OOS, but also a ship date in Dec. What are the chances it comes back in stock while the holiday deals are running?"
Porting out a number tied to a financed device...,2025-11-08 04:20:34,3,https://www.reddit.com/r/tmobile/comments/1orfyz2/porting_out_a_number_tied_to_a_financed_device/,"If I port one of the numbers to another device on, lets say on Google FI, will the balance of said device come due? Or can i have a new number generated for that device? 

We are wanting to get a phone line for my kid, but I also want to try out Google Fi and see how it works for me since i travel more than my wife and kid... 

Tmobile support is being less than helpful... Any help here would be greatly appreciated. Thanks!"
International roaming?,2025-11-08 04:05:57,0,/r/verizon/comments/1orfoc6/international_roaming/,
Auto Pay Discount Debit Card,2025-11-08 03:42:39,4,https://www.reddit.com/r/tmobile/comments/1orf8iu/auto_pay_discount_debit_card/,"Is it possible to pay early using a linked debit card? If so, will we still get the same discount? Anyone know? I like to pay my bill early if possible. Appreciate the help. "
T-Mobile 5G UC Problems,2025-11-08 02:25:32,0,https://www.reddit.com/r/tmobile/comments/1ordog6/tmobile_5g_uc_problems/,"hi, i live in west virginia. we used to get awesom service especially up to 700mbps on 5G UC. for the past 6 months or more it ahs plummeted and nothing wants to load on 5G UC. 5G extended range is ok and LTE is awesome still but when it goes to UC its really bad. everyone i know across 30+ towers are having the same issues. Home internet connects to UC and has no problems what so ever. what is happening dude??"
Can I switch to go5gplus 9 line SOC,2025-11-08 01:03:38,0,https://www.reddit.com/r/tmobile/comments/1orbyfu/can_i_switch_to_go5gplus_9_line_soc/,"I currently have 6 lines, 3 paid 3 free in go5gplus. I intend on taking advantage of free lines in the future to fill 9 lines. Is it possible to be switched right now to the 9 line SOC, so that I‚Äôm future proof? 

I also currently get Hulu for free. Will it knock that off, or will it stay if I‚Äôm able to switch. "
Is it possible to port a number from a phone to a watch.,2025-11-08 00:55:37,2,https://www.reddit.com/r/tmobile/comments/1orbs4u/is_it_possible_to_port_a_number_from_a_phone_to_a/,"I switched from Verizon today, and also got a watch. The number still has not ported over, but in the app it says ""transfer number complete"" and the watch has my old number I wanted ported over. While the phone says ""no transferring number found"" and lists a temporary number. I did this process maybe 4 hours ago now, really hoping I don't need to go back to the store. "
How do I use my iPhone voicemail greeting instead of T-Mobile‚Äôs?,2025-11-08 00:43:34,1,https://www.reddit.com/r/tmobile/comments/1orbint/how_do_i_use_my_iphone_voicemail_greeting_instead/,"When I go into my iPhone phone app > Voicemail > Greeting and select Default, I get a really clear-sounding generic greeting that doesn‚Äôt mention my name or phone number. However, after selecting this, it doesn‚Äôt stick. When someone calls me, they get the T-Mobile voicemail greeting, which sounds really scratchy like it‚Äôs coming from 1000 miles away and speaks my phone number, which is the most anonymous T-Mobile option that was available.

Strangely, my wife‚Äôs iPhone, which is exactly the same as mine and is on the exact same rate plan as mine with the same features, plays the iPhone greeting when you call her phone.

How do I get my phone to play the iPhone greeting instead of the T-Mobile greeting?"
Question about device payoff when switching.,2025-11-08 00:15:12,0,https://www.reddit.com/r/tmobile/comments/1oravty/question_about_device_payoff_when_switching/,I want to take advantage of the device payoff for people switching to T-Mobile. I'm pretty sure if I try to port from Verizon to T-Mobile that Verizon will hit me with an additional fee and not just make the remainder owed on the device due. Do I have to show them how much is due on the device at the time I port my number or can I pay the device off a day or two before and bring in the receipt from the device payoff. What exactly do I have to provide to get that reimbursement?
T-Fiber install - what to expect?,2025-11-07 23:10:11,1,/r/tmobileisp/comments/1or6f9d/tfiber_install_what_to_expect/,
Can't sign up for T-Mobile,2025-11-07 23:02:18,0,https://www.reddit.com/r/tmobile/comments/1or96fl/cant_sign_up_for_tmobile/,"Trying to sign up online for T-Mobile because Verizon service has gotten progressively worse at our home to the point where it's unusable. Verizon is *way* too expensive to not be getting reliable service anymore.

I went through the signup process and on the checkout page, the ""Accept & Continue"" button is greyed out.

It's greyed out because there are three buttons at the bottom, all of which must be checked. And the middle one says:

""By checking this box, I agree that T-Mobile, or others acting on its behalf, may call or text me at the number provided above to receive updates and offers, and that they may use an autodialer, artificial voices, or pre-recordings to do so. I understand that my consent is not a condition of purchasing any goods or services, and that I may revoke it at any time.""

I don't want that. And it specifically says consent is not a condition of purchase. But the form won't submit unless it's checked, so it sure seems like it is.

I also found that the iPad and "
Advice for best Holiday Deal,2025-11-07 22:43:49,1,https://www.reddit.com/r/tmobile/comments/1or8qa4/advice_for_best_holiday_deal/,"I've held out and waited for any holiday deals that are available, so I guess now is the time.

I'm already on T-Mobile on my wife's plan and I'm happy with my current S22 Ultra, so I don't really need a phone per se, but if I do, it will be Samsung. I'm leaving her plan and getting my own.

I can go either consumer or business.

I'm interested in a tablet line and maybe also a hotspot.

I don't really need more than one phone line, but it's a definite possibility down the road in the near future so if it makes sense to take advantage of any deals or promos now I'm willing to do that. 

I see the essentials deal, but I'll need a few more inclusions than that plan. 

I know it's new lines for these deals, but could I do the three line option where the third line is free and port my existing number to that third line? Since it's a free line, I don't know if that's a workaround so I can still keep my current number and port that in since her plan will be losing a line.

What's my best opt"
AT&T roaming in East Texas still active,2025-11-07 22:34:09,1,https://www.reddit.com/gallery/1or8ht7,"
Cherokee County, Texas still has AT&T roaming. I know that Jacksonville has a T-Mobile store but ever since I've been coming here in 2018, it's always roamed to AT&T. I've gotten faster speeds beforehand, which is weird but it's working fine for me."
Anybody's CellSpot V2 Femtocell still working?,2025-11-07 22:02:52,2,https://www.reddit.com/r/tmobile/comments/1or7px9/anybodys_cellspot_v2_femtocell_still_working/,"Mine has stopped with just the first 2 lights flashing, I've tried every troubleshooting step over I can find over the last week except one that says the fix is for t-mobile to delete my Connectivity Device Profile and then set it back up as new. The rep told me they can't or won't do that."
T-Mobile Is Handing Out Free Flagship Phones For The Holidays,2025-11-07 22:00:07,0,https://tmo.report/2025/11/t-mobile-is-handing-out-free-flagship-phones-for-the-holidays/,
$1000 Off Promo Duration,2025-11-07 21:57:49,0,https://www.reddit.com/r/tmobile/comments/1or7l7j/1000_off_promo_duration/,"T-Mobile announced a deal yesterday that really caught my attention:

* $1000 off any iPhone 17 model or¬†[iPhone Air](https://www.t-mobile.com/cell-phone/apple-iphone-air?msockid=153bcf369fdc6bcb1e1cdacd9e666acf)¬†‚Äî no trade-in required! ‚Äî when switching a line to T-Mobile on¬†[Experience Beyond](https://www.t-mobile.com/cell-phone-plans).

  
This was part of their early Black Friday press release: [https://www.t-mobile.com/news/offers/holiday-free-4-all-no-trade-needed](https://www.t-mobile.com/news/offers/holiday-free-4-all-no-trade-needed)

Apologies if this an idiotic question, but is it likely that this promo will change before Black Friday? Or do these deals normally last until Black Friday (and maybe beyond)? Just want to make sure I don't miss out on that specific promo. Thanks!

"
Anyone in the Chicagoland area still having horrifically slow 5G home internet?,2025-11-07 21:19:00,0,https://www.reddit.com/r/tmobile/comments/1or6m85/anyone_in_the_chicagoland_area_still_having/,It's been on and off rough for the past three weeks. Are they going to fix this?
What is a good T-Mobile hotspot device to make sure of cell phone connectivity in the boonies?,2025-11-07 20:40:01,1,https://www.reddit.com/r/tmobile/comments/1or5mgq/what_is_a_good_tmobile_hotspot_device_to_make/,"Most of what I've found seems like devices for laptops only, but we will need to ensure connectivity via cell phone in places where only T-Mobile seems to have signal. I'm not looking to be able to stream video or play games, but will need internet access and reliable cell signal for credit card processing. Any recommendations?"
Trade in terms expires TOMORROW,2025-11-07 20:12:46,1,https://www.reddit.com/r/tmobile/comments/1or4xh6/trade_in_terms_expires_tomorrow/,"I‚Äôm upgrading an iPhone 15, trading in the device, online order.  When I view the ‚ÄúTrade in Terms‚Äù document, it has my device details listed with an expiration date of TOMORROW.  
Also:
‚ÄúIf you fail to return your Device by the trade-in expiration date, you may be required to pay back any value or credit advanced to you.‚Äù

The new device isn‚Äôt even going to ship for a couple days, so the expiration date makes no sense.  
I shouldn‚Äôt agree to this and abandon the order, right?!?"
Anyone have the Revvl 8?,2025-11-07 19:52:30,1,https://www.reddit.com/r/tmobile/comments/1or4e41/anyone_have_the_revvl_8/,"Got this phone a few days ago. It seems decent so far. Only thing that's getting at me is photos. It seems there's so many folders the photos get put into. Like if I'm on google and a I save a photo then I open my gallery to use it it's no where. I find it in files. My old phone i opened my gallery and all my photos/videos where there. Now it seems I need a treasure map to locate photos. It's annoying, or am I doing something wrong??"
Can I port a number from Verizon to T-Mobile that is tied up in pending changes w/Verizon?,2025-11-07 19:39:17,0,https://www.reddit.com/r/tmobile/comments/1or426v/can_i_port_a_number_from_verizon_to_tmobile_that/,"Completely frustrated with Verizon.  Ordered 4 lines to upgrade and for 3.5 weeks, 1 line has been stuck and the new phone hasn't shipped.  No one can fix it at Verizon.

I need to port 4 numbers from Verizon, 1 number is tied up in pending changes.  So, 3 lines have been processed, 1 is stuck.

Of the 3 processed - only 1 phone was sent back as a trade-in.  I have  possession of the upgraded phones for the other 2 lines but neither has been activated because I'm trying to figure out my next move here.

I'd like to cancel/return the 3 upgraded phones we received, within the 30 day return policy, and port all 4 numbers over to TMobile.  I'm hoping that cancelling the entire order of 4 upgrades will release the 1 that is stuck (won't be pending changes anymore, it will be cancelled).

If for some reason, that doesn't unstick the 1 number....is it possible to port it anyway?  What would stop a number from being ported?

  
ETA:  One of the upgraded phones is still within the 30 return win"
Connecting to n41 at 40Mhz and 50Mhz - will they get upgraded?,2025-11-07 19:30:27,8,https://www.reddit.com/r/tmobile/comments/1or3tty/connecting_to_n41_at_40mhz_and_50mhz_will_they/,"I‚Äôm in Monroe NY in Orange County. I have a T-Mobile business internet line, static IP. It‚Äôs connecting to 4 bands at a time, two of which are n41. 

Does anyone know if/when the tower may get upgraded? It‚Äôs been like this for a while and I see a lot of people posting they see n41 at 90 or 100Mhz

Thanks!"
Not for existing customers?,2025-11-07 17:35:30,32,https://i.redd.it/odlmque7fvzf1.jpeg,"I have the Go5G Next plan, I have an iPhone 15 Pro, all paid off. I try to shop and respond to this promo to upgrade my device, but as soon as asks if I‚Äôm an existing customer and to login, then the price jumps to $11/mo and I‚Äôm forced to get a new number?   Terms doesn‚Äôt say anything about ‚Äúnew customers only‚Äù, and existing customers on Go5G Next are supposed to get the same deals as new customers.  
What gives?"
Considering switching,2025-11-07 16:47:11,0,https://www.reddit.com/r/tmobile/comments/1oqzhbu/considering_switching/,"Hi I‚Äôm considering switching to T-Mobile.  It would just be one line, need a new phone (iPhone 17, usually do the the pro max‚Äôs but probably down sizing with this next phone).  May get a new iPad and upgrade my watch with them but don‚Äôt necessarily need internet on either, so it just depends on if it makes sense to or not.  As far as streaming, I have Hulu for free through Spotify.  Don‚Äôt use Disney.  Already have access to Netflix.

I‚Äôm - nurse and an Amazon employee, and I believe we can get a discount, and I also have a Costco membership (not sure if it‚Äôs a better deal there or Best Buy vs in T-Mobile stores??)

What would you recommend for me as far as plans go?"
New tablets,2025-11-07 16:20:34,20,https://i.redd.it/rrxcmm6u1vzf1.jpeg,"New tablets

I currently have a pair of (32gb) Galaxy Tab A7+ on my account that are quite old and slowing down. They‚Äôre used by my kids for streaming video and learning apps like ABC Mouse, plus they like to take pictures with them which absolutely fill the onboard memory.

We are currently on the Go5GPlus plan and are locked in for another 11 months due to our phone promotions. 

I stopped by a local authorized retailer who said they have Galaxy Tab A9+5G available, but there‚Äôs no upgrade promotions - only for new lines.

QUESTIONS

‚Äî Is it true you now have to avoid any line removals for six months instead of three months to keep a new line promo?
‚Äî She suggested moving the insurance to the new tablets since the old ones won‚Äôt be in use anymore, and then she could put the old tablets on a lower plan, doing that would result in our bill only going up about seven dollars a month until the old tablets are removed, then our bill would actually drop lower than where it is now.
(she told "
Phone insurance through new T-Mobile Credit Card?,2025-11-07 16:17:16,0,https://www.reddit.com/r/tmobile/comments/1oqyosm/phone_insurance_through_new_tmobile_credit_card/,"So I, like many here, have been doing the autopay loophole that T-Mobile just closed up. It looks like they are now releasing their own credit card [https://www.capitalone.com/credit-cards/t-mobile/](https://www.capitalone.com/credit-cards/t-mobile/) which allows you to keep autopay along with cash back rewards. What is interesting is it doesn't say anything about phone insurance, however it does say you get all the Visa Signature perks which does include phone insurance...  
[https://www.visa.com/en-us/personal/cards/credit/visa-signature#72845e89](https://www.visa.com/en-us/personal/cards/credit/visa-signature#72845e89)

It seems like this would be a big point for T-Mobile to advertise on their new card but they don't do it. Does that mean that Visa Signature perk is not valid or they are just trying to hide it?"
Check your bill if you opened a free line last month.,2025-11-07 15:58:50,8,https://www.reddit.com/r/tmobile/comments/1oqy6ku/check_your_bill_if_you_opened_a_free_line_last/,"If you open a new free line last month, then please check your bill. T-mobile might added extra charges to your line without your knowledge. T-mobile randomly added $15 SC 6GB data SMHS and $11 One time charge Telesales / Weborder charge. Like wtf is ""Telesales / Weborder charge""? Good thing I caught it this morning, and have them reverted. Sneaky bastards."
Unique International Calling Situation,2025-11-07 15:56:58,0,https://www.reddit.com/r/tmobile/comments/1oqy4u5/unique_international_calling_situation/,"I can‚Äôt seem to get a straight answer on how International Calling works. I have someone who has their phone overseas, Magenta Military 1.0 plan. They need to be able to call US numbers from their US phone while in the UK, what type of plan add on do I need for that? They don‚Äôt need to be able to call anyone in the UK, they just happen to be there."
T-Mobile Credit Card Autopay Discount for Free 3rd Line?,2025-11-07 15:32:27,0,https://www.reddit.com/r/tmobile/comments/1oqxhze/tmobile_credit_card_autopay_discount_for_free_3rd/,"Does anyone know if you can get the $5 off per line with autopay for the free 3rd line as well when using the T-Mobile credit card?
"
Magenta upgrades,2025-11-07 14:11:51,0,https://www.reddit.com/r/tmobile/comments/1oqvg29/magenta_upgrades/,"Hey everyone!

I‚Äôve got a quick question about Magenta upgrades (we‚Äôre on a veteran/military plan, if that makes a difference).

Last year around Black Friday, there was an amazing deal basically an ‚Äúany trade-in for a flagship phone on us‚Äù kind of offer. One of the users on our plan really needs a new phone, but we‚Äôre not sure if that same deal (or something similar) will return this year.

If it‚Äôs expected to come back, he‚Äôs happy to wait. If not, he‚Äôll go ahead and upgrade now.

Anyone have any insight or predictions? Thanks in advance! üôè

"
PIXEL PRO 10 256 ..... MIA,2025-11-07 12:49:40,0,https://www.reddit.com/r/tmobile/comments/1oqtjav/pixel_pro_10_256_mia/,">This is the worst experience from a carrier.  **""The Un-carrier""¬†true to their slogan. Don't have phones to sell?** "
Should I tradein my old device if tmobile pays it off?,2025-11-07 12:46:38,0,https://www.reddit.com/r/tmobile/comments/1oqtgy4/should_i_tradein_my_old_device_if_tmobile_pays_it/,"TMobile just launched a new promo - 4 lines on essentials can get new iphone 17s for free without any tradein needed. My situation is we have 4 lines on At&t and one line's device has balance to be paid off and I would like to use Tmobiles keep and switch rebate for that one device but get new phones for the other 3 lines. When I visited costco yesterday, the rep said if tmobile pays off that device, we should trade that in and get a new device and there is no option to just keep it. That did not make sense to me. Did anyone else hear similar? "
$800 buyout of contract from T-mobile?,2025-11-07 04:49:31,1,/r/USCellular/comments/1oqkr7k/800_buyout_of_contract_from_tmobile/,
TikTok live streams not loading,2025-11-07 04:13:11,0,https://www.reddit.com/r/tmobile/comments/1oqko8u/tiktok_live_streams_not_loading/,"I'm in California. Lately, when I'm on my T-Mobile 5G service, TikTok live streams don't load. Normal TikTok posts load and play. I'm wondering if T-Mobile might be blocking TikTok live streams.

Edit: it's working again (next day)."
Switching from Verizon (iPhone 11). What are the best deals or trade-in offers right now for new iPhone?,2025-11-07 03:29:07,0,https://www.reddit.com/r/tmobile/comments/1oqjsvc/switching_from_verizon_iphone_11_what_are_the/,"I have been with Verizon for over 15 years. I have an iPhone 11 (regular version) that‚Äôs paid off. My monthly plan at Verizon is about $115/month, unlimited data (Internet and texting) it‚Äôs the 5G Play More Plan. Would be fine with a comparable or better plan if it‚Äôs similar cost or less. 

Verizon has its own upgrade offer, but I think I‚Äôd like to switch carriers. Not sure if T-Mobile or AT&T is better. I need a new phone as well, ideally the new iPhone 17.

If I go through T-Mobile, what‚Äôs the best deal I could do? And would the new phone be carrier locked? Not sure if I should do T-Mobile or AT&T or something through Costco. 
"
Wanted to switch to T-Mobile today (almost did) but it‚Äôs more expensive than Verizon,2025-11-07 03:09:53,27,https://www.reddit.com/r/tmobile/comments/1oqjf1m/wanted_to_switch_to_tmobile_today_almost_did_but/,"Kinda bummed that T-Mobile is the new Verizon in terms of cost and Verizon is cheaper now. Got all the way to the port progress before canceling. Went through Costco and was getting 225 in Costco cards and 500 in prepaid visa which is a pretty good deal for BYOD. The reason why I pulled it is the T-Mobile rep said 225 for my 2 experience beyond lines, 2 watches and an iPad while I pay Verizon $185 for UU, UP, 2 watches, iPad  and Xbox game pass with Verizon. The Costco rep said it would be around $193.

Man, what T-Mobile is doing is the opposite of what they used to he despite their network improvements. On the flip side, I can switch to att with my bundled fiber and pay $140 for equivalent services. 

Probably end up sticking with Verizon now. While Verizon isn‚Äôt the best anymore, they are improving and solid overall, especially at a cheaper price point than T-Mobile. 

Edit: we have 17‚Äôs that we bought from Apple. We get Apple TV from Apple one premier. Disney Hulu bundle with $10 c"
Credits? Let me get your thoughts as a customer,2025-11-07 02:50:27,6,https://www.reddit.com/r/tmobile/comments/1oqj0ec/credits_let_me_get_your_thoughts_as_a_customer/,"Hypothetically, if I‚Äôm able to see credits on your account and if I can see when your credits are going to fall off, would you want me to let you know ahead of time that your credits were coming to an end and if so, and my only solution is for you to call customer service. Would you appreciate that or not or would you maybe be possibly hassle me and tell me that I should fix that even though there is no way for me to do that from my end?"
$20 off Per Month/1 year,2025-11-07 02:42:59,91,https://www.reddit.com/r/tmobile/comments/1oqiutz/20_off_per_month1_year/,"Head to chat on T-Life and tell them you are switching to a MVNO that will save you $60 per month.  With that savings, you will subscribe to Netflix, Hulu, and Apple yourself and still pay less than T-Mobile.  That's when they will shoot you $20 off per month for 12 months."
Google Pixel 7pro (unlocked) psim to Google Pixel 10 pro esim on T-Mobile Questions,2025-11-07 01:53:48,0,https://www.reddit.com/r/tmobile/comments/1oqht6m/google_pixel_7pro_unlocked_psim_to_google_pixel/,"Hello All,

I have an existing T-Mo psim on my current Pixel 7 pro and purchased a new Pixel 10 pro in the US (which only has esim). Is it easy to convert the psim to an esim during the process of setting up the Pixel 10 pro? I have the T-life app setup on the Pixel 7 pro already. Can this conversion and move be done during the Pixel 10 Pro setup or will I have to visit the store or call customer service to make this happen? Or should I convert the psim to esim on the Pixel 7 pro first and then only then do an esim based 7 pro to 10 pro transfer? The T-Mo docs seem to imply that I just need to follow the prompts while setup on the Pixel 10 pro and everything will be kosher once I connect to a wifi. But I am very skeptical that it will this easy. Any advice is appreciated, dont want to get stuck in between with a deactivated 7 pro and a 10 pro that does not setup from psim to esim

Thanks"
How often do they have a free line promo?,2025-11-07 01:51:02,3,https://www.reddit.com/r/tmobile/comments/1oqhr4m/how_often_do_they_have_a_free_line_promo/,"Took too long to call in for the free line promo email I received and was told its no longer available.

Was thinking of using that line to get my son his first phone for xmas. Anyone know how often they run this promo? Think it'll happen again before Xmas, or maybe his bday in April?"
"So, T-Mobile straight up full on lied to me. What are my options?",2025-11-07 01:36:48,0,https://www.reddit.com/r/tmobile/comments/1oqhg5y/so_tmobile_straight_up_full_on_lied_to_me_what/,"tldr; I was placed into a multi year contract via phone without it being explained to me. What are my options?

1. In 2024, I was wildly overcharged for reasons that weren't explained to me clearly. I called in one day with an intention to close my account. I was offered ""a lower rate plan"". No fine print. No documentation. No disclosures. I said yes.
2. Fast forward to today. I needed new phones. I was eligible. I went to the store to pick them up. IT TOOK THREE HOURS for them to do the account research and let me know that the ""lower rate plan"" was a multi year lock in. With no Equipment Financing.
3. T-Mobile wants to charge me $700 per line to switch my plan even if I stay with TMobile. In order to get device financing. And they have stated I'm completely locked into my current contract.
4. I was so livid. The people in the store and on the phone did their best. Everyone acknowledged that this is bullshit and they don't understand how this exists.
5. I am 100000% done with T-Mobile"
Essentials Add Ons?,2025-11-06 23:36:52,0,https://www.reddit.com/r/tmobile/comments/1oqeq0i/essentials_add_ons/,"Sorry if this has already been answered but I couldn't find  it spelled out clearly -

If I want to set up 4 lines on the Essentials plan but want more advanced features on just my line, is it possible to do that via add-ons or upgrades? E.g. if I want the features of Beyond but the other users who are on my plan don't need that, is there any way to do that?"
"T-mobile sent me an offer in the mail that I would like, but their website says it's not available?",2025-11-06 23:00:11,0,https://www.reddit.com/r/tmobile/comments/1oqdttt/tmobile_sent_me_an_offer_in_the_mail_that_i_would/,"I have t-mobile cell service and got an offer for a cell service/home internet bundle. This was mailed to my actual home address. I tried to go on their site to sign up but it says my address does not yet have the service available.

I would think they would at least try to send these out to addresses they KNOW they can service. Is there a chance it's an error and I can still get the home internet? Is it worth calling them?"
Why is T-mobile so awful in Atlanta?,2025-11-06 22:43:53,0,https://www.reddit.com/r/tmobile/comments/1oqdfrv/why_is_tmobile_so_awful_in_atlanta/,"I‚Äôm here for work and I can hardly can get any good service here. I‚Äôm staying just north of the airport with iPhone 13 Pro Max.
"
T-Mobile Credit Card,2025-11-06 22:28:53,0,https://www.reddit.com/r/tmobile/comments/1oqd2jy/tmobile_credit_card/,"Ok - I just got the T-Mobile Credit Card. Primarily to avoid using a Debit Card to get the AutoPay Discount.  I realize that this is a move not without its own irony - but frankly I can live with that.

What I am curious about is the 5% discount.  My reading of the legalese suggests that this is only good for products/services purchased on [T-Mobile.com](http://T-Mobile.com) (probably through the tlife app), and wouldn't be good by purchasing a phone directly from Samsung. But would it be good buying from the T-Mobile kiosk at Costco or something similar to that?"
Go 5g Next yearly upgrade questions,2025-11-06 22:28:51,0,https://i.redd.it/jtn93i63qpzf1.png,"Im getting conflicting answers to this question but just wondering what I need to do to upgrade. I have two iPhone 15's both with two months of EIP left. Both are 69 dollars. I'm trying to upgrade the devices to iPhone 17 pro's but when I check out online, it's having me pay off the rest of the EIP. Which I'm fine with doing but will I still get my monthly EIP credits lowering my bill? Or is this a glitch and do I not need to pay my remaining EIP?

  
When I got the iPhone 15's, I ported my lines to t-mobile and got onto go 5g next as a new customer through Costco. "
T‚ÄëMobile Makes Text To 911 Available Off-Grid To Any Wireless User With A Compatible Smartphone ‚Äì Even Verizon And AT&T Customers,2025-11-06 22:02:38,15,https://www.reddit.com/r/tmobile/comments/1oqcf6h/tmobile_makes_text_to_911_available_offgrid_to/,"Is anybody else having difficulty enrolling in this? 



[https://www.t-mobile.com/news/network/t-mobile-text-to-911-available-for-everyone](https://www.t-mobile.com/news/network/t-mobile-text-to-911-available-for-everyone)

  
[https://www.t-mobile.com/coverage/satellite-phone-service/911-texting-signup](https://www.t-mobile.com/coverage/satellite-phone-service/911-texting-signup)"
What's the best move for 2 lines separating out?,2025-11-06 21:57:59,0,https://www.reddit.com/r/tmobile/comments/1oqcanv/whats_the_best_move_for_2_lines_separating_out/,"We have a 9 lines on simple choice and 2 lines need a separate account or port out. Ideally, I would like to stay with T-Mobile, but would like to take advantage of any free phones offer, etc if coming back.

  
What's the best move?

  
Should I port out those 2 lines to a MVNO and then port in to T-Mobile, so they payoff my new devices?"
Home Internet location locking?,2025-11-06 21:45:06,0,https://www.reddit.com/r/tmobile/comments/1oqbyt6/home_internet_location_locking/,"I‚Äôm trying to see if I can get T-Mobile Home Internet (or one of their variations). The current address isn‚Äôt available, but one close by is. How strict are they about moving the station to another location? I haven‚Äôt seen much in my searches."
"Chaos, policy violations, and possible fraud at the Zephyrhills Experience Store.",2025-11-06 20:32:49,0,https://www.reddit.com/r/tmobile/comments/1oqa2sq/chaos_policy_violations_and_possible_fraud_at_the/,"If I didn‚Äôt have $360 worth of promos applied to my bill every month, I would‚Äôve left T-Mobile over this insanity.

I walked into a fully staffed T-Mobile store today, at least 7 or 8 Mobile Experts were working when I arrived. It was busy, so I got in line and waited patiently. After about 30 minutes, I noticed every ME would disappear into the back office after finishing with their customer and not come back out. We went from eight people on the floor to just one. That‚Äôs not only unprofessional, it‚Äôs a policy and safety violation, there are supposed to be at least two employees on the floor at all times.

When my name was finally called an hour later for a simple trade-in and phone case pickup, the ME helping me also went into the back mid-transaction. I eventually told the only person left out front, ‚ÄúI have to go to work,‚Äù and she replied, ‚ÄúOh well, he had to print a label, but I don‚Äôt know what that has to do with you.‚Äù So, I walked out.

Later, I called T-Mobile support to cancel"
Loss of free line on change of responsibility?,2025-11-06 20:25:42,0,https://www.reddit.com/r/tmobile/comments/1oq9w8h/loss_of_free_line_on_change_of_responsibility/,"I activated a free line back in March, recently did a change of responsibility in August and now I lost the free line. I called care and they said they can't do anything about it and told me to go in store, but afaik, instore does not have the ability to apply that discount/change the line type.  
the discount code was ID250259 if that's useful  
what can I do? "
Help with Netflix & Hulu ‚Äúon-us.‚Äù,2025-11-06 18:51:45,1,https://www.reddit.com/r/tmobile/comments/1oq7ecn/help_with_netflix_hulu_onus/,"Just switched over to T-Mobile and trying to find some information on how using these benefits works.

I‚Äôve linked my current Netflix account, which has a paid sub-account on it. Also, my account is Standard Premium (no ads). 

When I linked, it said I will be paying a $11/mo difference and my sub user account will be cancelled. I understand that T-mobile is now managing the billing, no problem. When I login to T-life, it shows Netflix on Us unchecked but it shows Netflix Standard, $17.99 checked. Is there anything else I need to do? Do I have to check the Netflix on us to get the $7.99 credit towards the $17.99? How do I add my sub user back on?

When it comes to Hulu, how do I link it with my current Disney+ bundle? We currently have the ad free everything (Disney+, ESPN+, and Hulu). I have not seen any option to link my current account to start using the credit? Do I have to create a new Hulu account and cancel my bundle?

The reps I‚Äôve spoken to do not know how to assist; I am sure"
Easy Upgrade?: Black Friday/Holiday Deals,2025-11-06 18:23:19,0,https://www.reddit.com/r/tmobile/comments/1oq6na3/easy_upgrade_black_fridayholiday_deals/,"Any rumors of Easy Upgrade (aka, Keep and Switch + no trade in port in promo) deals coming about for the holiday season? Trying to see if I should wait to switch over from Verizon."
Add a line to existing Go5g plus plan.,2025-11-06 17:16:54,0,https://www.reddit.com/r/tmobile/comments/1oq4u09/add_a_line_to_existing_go5g_plus_plan/,"My partner has TMobile and on Go 5G plus plan. She currently has one voice line and a watch line, how much would it cost ( any deals? ) for me to port my non tmobile voice line onto her account ? I currently have an unlocked iPhone. Thanks. "
Tmus price drop,2025-11-06 15:22:59,0,https://www.reddit.com/r/tmobile/comments/1oq1rmw/tmus_price_drop/,"Not sure if this is a relevant sub for this question, but I had an alert set so if Tmobile stock went below 200$, and today it has. The alert was set up a while ago, so does anyone think this is a good time to buy or to wait? "
PSA: Don't make this mistake when trading in.,2025-11-06 15:19:21,0,https://www.reddit.com/r/tmobile/comments/1oq1o5s/psa_dont_make_this_mistake_when_trading_in/,"Back in August I traded one of my phones for an iPhone 16 for my daughter's birthday. The trade in overall was relatively smooth, but I made such a dumb mistake that will cost me the $300 promotional.

The phone was shipped to me with a pre addressed shipping envelope to send the phone back. Thinking nothing of it I put the phone into the envelope and went to the post office to ship it out. Turns out the package was a UPS shipping envelope, but I dropped it off at USPS. 

Unfortunately, at the time I dropped it off it was extremely busy at the post office and I didn't have time to wait around. I left it in the outgoing mail. After about a week I kept getting notices that T Mobile didn't receive my phone. I realized the mistake I had made.

I went to the USPS branch and they assured me that it would still get to where it needed to go, it might just take some extra time. Fast forward 3 months later and T Mobile still has not received it. Unfortunately I did not take down the tracking num"
No EIP on some free lines,2025-11-06 15:15:06,32,https://www.reddit.com/r/tmobile/comments/1oq1k55/no_eip_on_some_free_lines/,"Just a heads up for customers‚Ä¶ On most of the Lines on Us, the free lines (Not BOGO) cannot finance devices. 

The reason I bring this up, T-Mobile has been giving these lines out for the last few years and there is absolutely no mention of it on T-Life. You can find the promo ID attached to the free line, but you cannot find what that Promo ID actually means. 

I was doing an upgrade yesterday and T-Life offers the EIP purchase option first, even though it would take the credit away. This oversight needs to be corrected by T-Mobile to better inform customers when they‚Äôre processing an upgrade. 

To keep those specific free line promotions, you must purchase the device outright! "
is this good deal trade in?,2025-11-06 15:03:55,1,https://www.reddit.com/gallery/1oq19u6,My math is 1099.99-830=270. So 11.25x24 month is the 270. I‚Äôm already on Go5plus plan with 4 other lines. My monthly bill is 237 (5 lines + wifi) and I been with tmobile since forever so like this 24 month lock isnt a worry for me as my current phone was also on 24 month previously. So I‚Äôm just asking if im missing anything hidden fees stuff or this is solid. I‚Äôm also planning to go to tmobile in DE for no sales tax so I‚Äôll be saving 595 versus trade in at apple the phone cost 900 (1099-200 (ip13 trade in))
"After 24 years of Verizon, I'm done!",2025-11-06 14:17:05,13,https://www.reddit.com/r/tmobile/comments/1oq03gs/after_24_years_of_verizon_im_done/,"What happened would take too long to explain & it's useless information. 

I would really appreciate the perspective from people who have been with T Mobile for at least 8 years. I've been in tech for 30 years so the quality of their tech support is irrelevant to me.

What I'm interested in is how responsive they are, if they are, when you experience a major breakdown in your phone. What is it that they do? Is it easy/impossible to reach a human, not text or a bot, who's empowered to take an action?

TIA"
If I pay with credit card this month do I lose autopay discount for good or can I get it back if I use a debit card next month?,2025-11-06 14:07:10,7,https://www.reddit.com/r/tmobile/comments/1opzuna/if_i_pay_with_credit_card_this_month_do_i_lose/,
Is Applecare provided free if I have Protection 360?,2025-11-06 12:37:46,0,https://www.reddit.com/r/tmobile/comments/1opxryy/is_applecare_provided_free_if_i_have_protection/,"Went and looked at what I am paying for and on my spouses iPhone it says there is Protection 360 (with a monthly fee) and AppleCare+ (which is free).

Am I getting Applecare+ for free because I am paying for Protection 360?  If not I will just cancel the P360 as nearly everyone I have spoken with said that Applecare gets you the exact same benefits as P360.   

"
Errors with new satellite plan - Free Msg: Unable to send message - Message Blocking is active,2025-11-06 12:03:19,0,https://www.reddit.com/r/tmobile/comments/1opx367/errors_with_new_satellite_plan_free_msg_unable_to/,"I get this error message when sending to some numbers, but not to others.  Seems random.

Free Msg: Unable to send message - Message Blocking is active

Also, I can get messages from some numbers and not others.  Very buggy.

You get what you pay for, it‚Äôs free."
Get Free Satellite 911 Texting On Any Compatible Phone Thanks To T-Mobile,2025-11-06 11:58:10,115,https://tmo.report/2025/11/get-free-satellite-911-texting-on-any-compatible-phone-thanks-to-t-mobile/,
Trade in,2025-11-06 11:23:59,9,https://i.redd.it/q7ahw0g0gmzf1.jpeg,"Traded in Iphone 13 and got the 17 pro max, was expecting just 300$ (essentials plan), instead i got 800$ promo‚Ä¶

No new line
No plan upgrade

"
Why Free T-Satellite 911 Requires An eSIM Download,2025-11-06 10:01:15,5,https://www.reddit.com/r/tmobile/comments/1opuywn/why_free_tsatellite_911_requires_an_esim_download/,"I've been asked this in a ton of DMs and I'm just posting it here because yes, I know about it, and I'm not copy-pasting to 55 people. No, I don't post a lot today. I'm busy, sorry.

T-Mobile is the one carrier left that accepts any device regardless of IMEI.

Which normally is a GOOD THING THAT MAKES THEM A LOT OF MONEY.

**Seriously, I have to stop there, and make clear, the other two carriers screwed this up horribly. So many people in the handset and IoT fleet world turned to T-Mobile because:**

**\* T-Mobile doesn't gatekeep by IMEI.**  
**\* T-Mobile doesn't require a useless VoLTE private key.**  
**\* T-Mobile doesn't suspend your line for SIM swapping into a device they feel is incompatible.... because, it often $#$!$#! isn't.**

Sigh, if you work in Seattle, read all of this in bold clearly. **Do not screw it all up in January. You will lose customers, I promise, because they'll be free agents again.**

In this one edge case, temporarily, it's a problem. You don't want devic"
My T-mobile data is not working,2025-11-06 09:46:06,2,https://www.reddit.com/r/tmobile/comments/1opuq91/my_tmobile_data_is_not_working/,"I bought the unlimited data SIM near the airport. But now the data is not working, it says, calls for only emergency, and the mobile data is not connected. It doesn't show the 4G sign either. What do I do?"
What is the best deal?,2025-11-06 07:41:06,0,https://www.reddit.com/r/tmobile/comments/1opsszu/what_is_the_best_deal/,"Looking for the best deal with T-Mobile. 

Need three lines, one new iPhone 17 (with trade-in) , second iPhone (any older model, doesn't matter which one). And need 5G home internet. What is the best bundle I can get? Is Costco offer the best?    
"
LTE is the new 3G,2025-11-06 05:23:24,3,https://www.reddit.com/r/tmobile/comments/1opqhs0/lte_is_the_new_3g/,I feel like T-Mobile must be using most of their bandwidth for 5G as LTE hardly ever works for me anymore. Sometimes I can have 2 or 3 bars of LTE and a text won‚Äôt even go through. Then it‚Äôll switch to a bar of 5G and suddenly everything works again. Anyone else experiencing this? My location is Hawaii. 
Got this email.i tried calling care unfortunately they can‚Äôt do anything since it‚Äôs not my account.,2025-11-06 04:08:31,2,https://i.redd.it/i0gkpijbakzf1.jpeg,"quick backstory i had tmobile when i used to live in the lower 48 have since canceled service and ported all the lines and cancelled everything from the account but i got this email yesterday. i tried calling care but without account number or anything directly tying me to the account they‚Äôre unable to tell me anything. ‚ÄúJesus razo‚Äúisn‚Äôt even my name or anything. Has anyone got a email like this after leaving tmobile? It‚Äôs been months since i‚Äôve left so i‚Äôm confused on how anything can be tied to my name. Thank you all for reading!
"
Does canceling tablet line impact existing or future phone promotion?,2025-11-06 03:58:14,0,https://www.reddit.com/r/tmobile/comments/1opov5g/does_canceling_tablet_line_impact_existing_or/,"Planning to snatch a iPad Pro 11 M4 from T-Mobile with Go5G Next $5 tablet plan. But I don't need tablet plan as I can just tether. I don't see an option to buy without activating a new line. 

1/ Can I cancel the line immediately after I get the table? 

2/ Does canceling impact my existing device promotion or future device promotion (e.g., next 90 days no phone financing etC)? 

3/ As I am paying in full during cancelation, will the tablet be unlocked?

4/ If I order via Costco, will I be able to waive device connection charge for tablet?

"
Issues with local tower,2025-11-06 03:12:55,0,https://www.reddit.com/r/tmobile/comments/1opnxy0/issues_with_local_tower/,"Hey.

My local T-Mobile tower has been having some issues the whole day, between no data, or texts, it‚Äôs been a mess.

Verizon is on the same tower and is reporting an issue that should be fixed around 3:00 AM, is it possible that an issue caused both Verizon and T-Mobile to be down?? Any guesses on what it could be?

Thanks!"
SyncUp vs AirTag,2025-11-06 02:22:29,36,https://www.reddit.com/gallery/1opmuh4,"I realize now that the two are nothing alike, with the exception of them both being trackers. I was told over the phone by a representative that it was like an AirTag, but it was better because it ran off of GPS and cellular. She didn‚Äôt mention how much bigger it was, and certainly didn‚Äôt mention that it needed to be charged. I specifically asked if it could be used as a tracker for my dog, and she mentioned nothing about having to take it off of my dog to charge it every few days. 

Attaching pictures for comparison if anyone else is curious. The picture on the package is most certainly NOT actual size. If the actual size was on the package, I would have never opened the box. I was hoping it would fit in our tag holder or an AirTag holder. "
International texts not going through,2025-11-06 00:59:27,0,https://www.reddit.com/r/tmobile/comments/1opl143/international_texts_not_going_through/,So up until recently I had been able to text my wife's family in the Philippines from the US. For the past month or so texts have not been going through. The steps I took to try and solve this are new phone's and Sim cards for everyone involved. That didn't help but made phone calls a bit easier. I'd like to get texting back up and running because it's a lot cheaper to text than to call. I'm not really up on cell phone tech so im sure that im doing something wrong and Google keeps suggesting turning off airplane mode.... Any help would be greatly appreciated. 
T-Mobile Home Internet and Meraki MX67W,2025-11-06 00:29:35,0,/r/meraki/comments/1opkbzd/tmobile_home_internet_and_meraki_mx67w/,
Data slow to a crawl,2025-11-06 00:08:51,0,https://i.redd.it/zmvzusoj3jzf1.jpeg,"Why is Tmobile slowing my data?! I am in the same parking lot every day and I usually get 5G with all the bars. Today, nothing. I m supposed to have unlimited data."
Need help restoring line,2025-11-06 00:01:18,2,https://www.reddit.com/r/tmobile/comments/1opjowf/need_help_restoring_line/,"I am in the military stationed overseas so I suspended my T-Mobile line since last December. Now that I am coming home for the upcoming holiday season, I wish to restore the line for the duration of my trip. 

The instructions on T-Mobile site says I need to login to my account to restore the line. The problem is, the two-factor authentication sends a code to my phone via text message, which I can‚Äôt even receive because the line is inactive anyway. Is there an alternative way to restore the line?"
